Name,LoginID,password
Mary White,Mwhite,nrf23yma
Dr. Elizabeth Thompson,Ethompson,eal2br3d
Dr. Elizabeth Lewis,ELewis,bta61rcd
Dr. Thomas Thompson,TThompson,adbt7g2r
Elizabeth Lewis,ELewis2,l06izgee
Dr. Jennifer Lee,Jlee,a5bnrhd5
Dr. Linda Walker,LWalker,9rh6aadb
Joseph Rodriguez,JRodriguez,js6eow3m
Sarah Garcia,SGarcia,rstd1aa4
Robert Anderson,Randerson,p05moerb
John Anderson,JAnderson,jwont1h4
Susan Harris,SHarris,euss4aa1
Jessica Harris,JHarris,8esjss8p
Robert Martinez,RMartinez,yre5fbo1
Joseph Martinez,JMartinez,jsed9p0o
Thomas White,TWhite,rokhtm32
Dr. Robert Jackson,RJackson,dvrf71ba
Linda Rodriguez,LRodriguez,d8dionl0
Thomas Rodriguez,TRodriguez,7xohmt5n
Dr. John Walker,JWalker,drab1k4r
