NAME_OF_THE_STUDENT,UNIVERSITY,GENERAL_MANAGEMENT_SCORE_OUT_of_50,DOMAIN_SPECIFIC_SCORE_OUT_50,TOTAL_SCORE_OUT_of_100,PASSWORDS,Login_IDs,REMARKS
Camila Wood,"Stanford University, USA",34,23,57,CamWoo53,STFBCM001,
Alexander Thompson,"Stanford University, USA",50,50,100,alEThO93,STFBCM002,
Liam Taylor,"Harvard University, USA",50,50,100,LIATaY41,HRVBCM001,
Evelyn Jenkins,"Stanford University, USA",49,50,99,evejEn27,STFBCM003,
Michael Jackson,"Harvard University, USA",40,40,99,mICJAc19,HRVMBA002,good
Chloe Moore,"Stanford University, USA",50,48,98,CHlMoo41,STFBCM004,
Nicholas Clark,"Harvard University, USA",49,49,98,NiCCla38,HRVMBA003,
Olivia Richardson,"Stanford University, USA",30,30,97,OlIrIC66,STFBBA005,
Aiden Rivera,"Stanford University, USA",50,47,97,AiDrIv48,STFBCM006,
Harper Turner,"Harvard University, USA",49,48,97,HArTUR10,HRVMBA004,
Madison Lee,"Stanford University, USA",47,50,97,mAdlee72,STFBBA007,
Carter Hall,"Harvard University, USA",34,45,79,caRhAl54,HRVMBA005,
Mia Thomas,"Harvard University, USA",50,47,97,MIATHO61,HRVBCM006,
Lucas Evans,"University of Oxford, UK",49,47,96,LUcevA38,OXFIB001,
Abigail Bailey,"Harvard University, USA",47,48,95,ABIBai61,HRVMBA007,
Joseph Diaz,"Harvard University, USA",49,46,95,jOsDIA24,HRVMBA008,
William Walker,"University of Cambridge, UK",48,47,95,wILWAL16,CAMMBA001,
Andrew Anderson,"University of Oxford, UK",48,47,95,AnDanD51,OXFIB002,
Sophia King,"Harvard University, USA",48,46,94,SoPKiN46,HRVBCM009,
Avery Gonzalez,"Harvard University, USA",49,43,92,AvEGON80,HRVMBA010,
Lily Davis,"Harvard University, USA",49,43,92,LIldAV83,HRVMBA011,
Scarlett Cooper,"Stanford University, USA",49,43,92,SCacOo93,STFBBA008,
Grace Reed,"Stanford University, USA",49,43,92,GrarEE74,STFBBA009,
Matthew Johnson,"Harvard University, USA",49,43,92,mATjoH44,HRVMBA012,
Jackson Baker,"Stanford University, USA",45,47,92,JacBAK26,STFBBA010,
Ella Martinez,"Harvard University, USA",49,43,92,ElLmAr79,HRVBCM013,
Henry Perez,"Stanford University, USA",41,50,91,heNPER62,STFBCM011,
Ava White,"Stanford University, USA",45,46,91,AVAwhi52,STFBBA012,
Gabriel Miller,"Stanford University, USA",44,46,90,gABmiL95,STFBCM013,
Mia Brown,"Stanford University, USA",41,49,90,MiaBRo43,STFBBA014,
Layla Garcia,"Harvard University, USA",48,42,90,LayGaR88,HRVBCM014,
Emma Stewart,"Stanford University, USA",40,50,90,EmmSTE45,STFBBA015,
Daniel Adams,"University of Oxford, UK",47,43,90,DANaDA70,OXFIB003,
Logan Smith,"Stanford University, USA",45,45,90,lOGSMI51,STFBBA016,
James Harris,"Stanford University, USA",42,47,89,jAmHAR11,STFBCM017,
Benjamin Martin,"Harvard University, USA",48,41,89,beNmaR17,HRVMBA015,
Elijah Robinson,"Harvard University, USA",48,41,89,eLIrob89,HRVMBA016,
Zoey Hayes,"Harvard University, USA",49,40,89,zOEhAY29,HRVMBA017,
Samuel Phillips,"Harvard University, USA",46,43,89,SAmphI33,HRVBCM018,
Emily Williams,"Harvard University, USA",46,43,89,emIWiL42,HRVBCM019,
Sofia Lewis,"Stanford University, USA",40,49,89,sOFlEW94,STFBBA018,
Amelia Young,"University of Oxford, UK",43,46,89,aMEYOu85,OXFIB004,
Charlotte Wilson,"Harvard University, USA",47,41,88,CHAWil77,HRVMBA020,
Jack Scott,"Harvard University, USA",47,41,88,JAcscO62,HRVMBA021,
Noah Parker,"Harvard University, USA",48,40,88,NOapAr18,HRVMBA022,
David Rodriguez,"Harvard University, USA",47,41,88,DAVrOd81,HRVMBA023,
Aria Nelson,"Stanford University, USA",45,42,87,aRInEL66,STFBCM019,
Ethan Carter,"Harvard University, USA",46,41,87,eTHcaR37,HRVBCM024,
Oliver Green,"Harvard University, USA",45,42,87,OLIgre62,HRVBCM025,
Harper Jones,"Harvard University, USA",48,39,87,HarjOn25,HRVMBA026,
David Martin,"Stanford University, USA",44,42,86,davmar82,STFBBA020,
Avery Green,"Stanford University, USA",41,45,86,avegRE35,STFBBA021,
Aiden Wood,"Harvard University, USA",44,42,86,AIDwOo62,HRVMBA027,
Jackson Anderson,"Harvard University, USA",46,39,85,JAcANd61,HRVBCM028,
Scarlett Lee,"Stanford University, USA",46,39,85,sCALee25,STFBBA022,
Lucas Johnson,"Stanford University, USA",47,38,85,LUcjOH87,STFMBA023,
Madison Davis,"Massachusetts Institute of Technology (MIT), USA",45,39,84,MaDDAv53,MASBBA001,
Nicholas Jones,"Harvard University, USA",43,41,84,niCJOn87,HRVMBA029,
Evelyn Stewart,"Stanford University, USA",41,41,82,EvESTE36,STFBBA024,
Benjamin Richardson,"Stanford University, USA",44,38,82,beNriC15,STFMBA025,
Charlotte Walker,"Harvard University, USA",41,40,81,cHawAL32,HRVBCM030,
Samuel Scott,"Harvard University, USA",42,38,80,SAMscO14,HRVBCM031,
William Rodriguez,"Stanford University, USA",40,40,80,WILROD80,STFBBA026,
Emily Carter,"Harvard University, USA",40,39,79,eMIcaR14,HRVBCM032,
Carter Hall,"Harvard University, USA",40,39,79,cARHal26,HRVIB033,
Alexander Moore,"Harvard University, USA",47,31,78,AleMoo22,HRVMBA034,
Emma Wilson,"Massachusetts Institute of Technology (MIT), USA",37,41,78,EMmwIL36,MASBBA002,
Mia Young,"Harvard University, USA",34,45,79,mIAYOU26,HRVBCM035,Good
Aria Evans,"Stanford University, USA",49,27,76,ARieva69,STFBBA027,
Layla Phillips,"Harvard University, USA",38,38,76,LAYPhI40,HRVMBA036,
Matthew Lewis,"Massachusetts Institute of Technology (MIT), USA",40,35,75,matLEw49,MASBBA003,
Noah Jenkins,"Harvard University, USA",48,27,75,nOAJeN41,HRVBCM037,
Camila Hayes,"Harvard University, USA",38,37,75,caMhAY57,HRVMBA038,
Logan Turner,"Stanford University, USA",47,28,75,loGTuR23,STFBCM028,
Lily Miller,"Harvard University, USA",39,35,74,lIlMiL17,HRVBCM039,
Mia Perez,"Harvard University, USA",44,30,74,mIapeR95,HRVBCM040,
Zoey Rivera,"Stanford University, USA",38,36,74,zOErIv37,STFMBA029,
Sophia King,"Stanford University, USA",38,36,74,SOpKin27,STFMBA030,
Grace Cooper,"Harvard University, USA",38,36,74,GraCoo84,HRVMBA041,
Chloe Williams,"Stanford University, USA",42,31,73,chlWil80,STFBBA031,
Ella Bailey,"Harvard University, USA",50,23,73,eLLbaI30,HRVMBA042,
Harper Nelson,"Stanford University, USA",40,33,73,haRnEl84,STFMBA032,
Henry Baker,"Harvard University, USA",40,33,73,henBak56,HRVMBA043,
Andrew Gonzalez,"Harvard University, USA",45,27,72,ANdGOn16,HRVBCM044,
Amelia Harris,"Stanford University, USA",42,30,72,AmehaR20,STFBBA033,
Abigail Robinson,"Harvard University, USA",35,37,72,abiRoB43,HRVMBA045,
Harper Jackson,"Harvard University, USA",50,22,72,HArjAc22,HRVMBA046,
Michael White,"Massachusetts Institute of Technology (MIT), USA",39,33,72,micwhi71,MASBBA004,
Daniel Brown,"University of Oxford, UK",37,35,72,DAnBRo20,OXFIB005,
Elijah Thomas,"Harvard University, USA",33,38,71,EliTHO85,HRVMBA047,
Liam Thompson,"Harvard University, USA",40,31,71,LiATHo70,HRVMBA048,
Joseph Martinez,"Harvard University, USA",37,33,70,josmaR90,HRVMBA049,
James Taylor,"Massachusetts Institute of Technology (MIT), USA",39,31,70,JaMTay33,MASBBA005,
Ava Clark,"Massachusetts Institute of Technology (MIT), USA",34,36,70,avaCLa85,MASBBA006,
Gabriel Diaz,"Harvard University, USA",40,29,69,GAbdIA24,HRVBCM050,
Oliver Parker,"California Institute of Technology (Caltech), USA",36,33,69,olIpaR58,CALBBA001,
Olivia Smith,"Harvard University, USA",23,44,67,olISmi98,HRVBCM051,
Ethan Adams,"Harvard University, USA",36,31,67,etHADA62,HRVMBA052,
Sofia Garcia,"Harvard University, USA",31,36,67,SOfGar59,HRVMBA053,
Jack Reed,"University of Oxford, UK",37,30,67,JaCREe31,OXFIB006,
Henry Gonzalez,"Harvard University, USA",36,31,67,hEngon75,HRVMBA054,
Jackson Johnson,"Harvard University, USA",33,33,66,jACJoH46,HRVBCM055,
William Richardson,"California Institute of Technology (Caltech), USA",33,33,66,WiLRIc36,CALBBA002,
Gabriel Wilson,"Imperial College London, UK",33,33,66,Gabwil92,ICLBBA001,
Ava Walker,"University of Oxford, UK",35,31,66,AVawAL12,OXFIB007,
Harper Bailey,"Harvard University, USA",28,36,64,HaRbAI41,HRVMBA056,
Alexander Clark,"Harvard University, USA",28,36,64,alecLa71,HRVMBA057,
Michael Evans,"Stanford University, USA",35,28,63,mICeVa36,STFBCM034,
Zoey Jenkins,"Stanford University, USA",49,13,62,zOeJeN99,STFBCM035,
Liam Taylor,"Harvard University, USA",37,25,62,lIaTaY72,HRVMBA058,
Camila Rivera,"University of Oxford, UK",31,31,62,cAMriv49,OXFIB008,
Jack Garcia,"Harvard University, USA",38,24,62,JAcGAr38,HRVMBA059,
Joseph Parker,"Massachusetts Institute of Technology (MIT), USA",32,30,62,JospaR30,MASBBA007,
Abigail Thomas,"University of Oxford, UK",35,27,62,abIthO96,OXFIB009,
Sophia Carter,"Harvard University, USA",36,25,61,Sopcar71,HRVMBA060,
Layla Jackson,"Harvard University, USA",28,33,61,LAyjac22,HRVMBA061,
Mia Smith,"Stanford University, USA",37,22,59,mIAsmI88,STFBBA036,
Sofia Nelson,"Stanford University, USA",30,29,59,sofNel72,STFBCM037,
Elijah Williams,"Stanford University, USA",26,32,58,eLIwiL65,STFBBA038,
Charlotte Baker,"Stanford University, USA",39,19,58,cHABaK29,STFBBA039,
Benjamin Green,"Stanford University, USA",32,25,57,BeNgRE28,STFBBA040,
Matthew Miller,"Harvard University, USA",24,33,57,MaTMIl53,HRVBCM062,
Ella Stewart,"Stanford University, USA",41,16,57,ELLSTe57,STFBBA041,
Emily Moore,"Stanford University, USA",32,22,54,emImOo92,STFBBA042,
Noah Martinez,"Harvard University, USA",19,34,53,noaMAR54,HRVMBA063,
Grace Hall,"Harvard University, USA",28,23,51,grAhAl25,HRVMBA064,
Logan Brown,"University of Oxford, UK",28,20,48,LOgBrO63,OXFIB010,
Lily Davis,"Stanford University, USA",33,14,47,LiLDAV69,STFBBA043,
Amelia Jones,"Massachusetts Institute of Technology (MIT), USA",28,18,46,amejon41,MASBBA008,
Carter Wood,"Harvard University, USA",26,18,44,CarWOO79,HRVMBA065,
Emma Reed,"Harvard University, USA",21,21,42,EMmree33,HRVMBA066,
Harper Diaz,"Harvard University, USA",26,15,41,HardiA71,HRVMBA067,
Daniel Lee,"Stanford University, USA",29,11,40,DAnLeE68,STFBBA044,
David Adams,"Stanford University, USA",17,21,38,daVada18,STFBBA045,
James Scott,"Harvard University, USA",19,19,38,jAMSCO29,HRVMBA068,
Chloe Anderson,"Harvard University, USA",17,20,37,chLand51,HRVMBA069,
Oliver Turner,"Harvard University, USA",24,13,37,oLItUR43,HRVMBA070,
Scarlett Cooper,"University of Oxford, UK",15,19,34,scacOO82,OXFIB011,
Mia Young,"Stanford University, USA",19,12,31,MiAYOu56,STFBBA046,
Olivia White,"Harvard University, USA",21,9,30,OliwhI12,HRVBCM071,
Lucas Hayes,"Stanford University, USA",17,13,30,LUcHaY46,STFBCM047,
Aria King,"University of Cambridge, UK",15,15,30,aRikiN78,CAMBBA002,
Madison Harris,"Harvard University, USA",15,15,30,MADHAR22,HRVMBA072,
Aiden Thompson,"University of Oxford, UK",21,9,30,AiDTho75,OXFIB012,
Andrew Phillips,"Harvard University, USA",22,8,30,aNDPhi44,HRVMBA073,
Evelyn Robinson,"Harvard University, USA",17,11,28,EveRob91,HRVMBA074,
Avery Lewis,"Stanford University, USA",16,12,28,avELEw76,STFBBA048,
Ethan Martin,"Stanford University, USA",11,13,24,ethMaR62,STFBBA049,
Nicholas Rodriguez,"Harvard University, USA",16,8,24,nICrOd26,HRVMBA075,
Samuel Perez,"Stanford University, USA",12,8,20,SamPeR12,STFBBA050,
Emily Lee,"Massachusetts Institute of Technology (MIT), USA",4,1,5,eMiLEE51,MASBBA009,